"DESCRIPTION","DURATION IN MS","NAME","PARENT SUITE","START TIME","STATUS","STOP TIME","SUB SUITE","SUITE","TEST CLASS","TEST METHOD"
"  As a developer
  I want to be sure
  That the Posts endpoint is working as expected","1185","Verify status code returned is expected","","Thu Nov 28 01:14:29 GMT 2024","passed","Thu Nov 28 01:14:30 GMT 2024","","Posts Endpoint","Verify status code returned is expected",""
"  As a developer
  I want to be sure
  That the Users Endpoint is working as expected","66","Verify status code returned is expected","","Thu Nov 28 01:14:30 GMT 2024","passed","Thu Nov 28 01:14:30 GMT 2024","","Users Endpoint","Verify status code returned is expected",""
"  As a developer
  I want to be sure
  That the Todos endpoint is working as expected","82","Verify amount of returned items is expected","","Thu Nov 28 01:14:30 GMT 2024","passed","Thu Nov 28 01:14:30 GMT 2024","","Todos Endpoint","Verify amount of returned items is expected",""
"  As a developer
  I want to be sure
  That the Todos endpoint is working as expected","79","Verify status code returned is expected","","Thu Nov 28 01:14:30 GMT 2024","passed","Thu Nov 28 01:14:30 GMT 2024","","Todos Endpoint","Verify status code returned is expected",""
"  As a developer
  I want to be sure
  That the Users Endpoint is working as expected","66","Verify amount of returned items is expected","","Thu Nov 28 01:14:30 GMT 2024","passed","Thu Nov 28 01:14:30 GMT 2024","","Users Endpoint","Verify amount of returned items is expected",""
"  As a developer
  I want to be sure
  That the Posts endpoint is working as expected","84","Verify amount of returned items is expected","","Thu Nov 28 01:14:30 GMT 2024","passed","Thu Nov 28 01:14:30 GMT 2024","","Posts Endpoint","Verify amount of returned items is expected",""
